1369 Coffee House,757 Massachusetts Ave.,Central Square,Cambridge ,,,
1369 Coffee House,1369 Cambridge St.,Inman Square,Cambridge ,,,
730 Tavern,730 Massachusetts Ave., Central Square,Cambridge ,,,
Roxy’s Arcade,292 Massachusetts Ave.,Cambridgeport near Central Square,,,,
Abigail Adams Institute,14 Arrow St.,Harvard Square,,,,
Accurate Records,343 Medford St.,Winter Hill,Somerville,,,
Adolphus Busch Hall,29 Kirkland St.,Baldwin,Cambridge,,,
Aeronaut Brewing,14 Tyler St.,near Union Square in Ward 2,Somerville,,,
Agassiz Theatre,5 James St.,Harvard Square,Cambridge,,,
Amba,57-59 First St.,East Cambridge,,,,
Anthony Greaney,438 Somerville Ave.,Ward 2,Somerville,,,
Arrow Street Arts, 2 Arrow St.,Harvard Square,Cambridge,,,
Arthur & Elizabeth Schlesinger Library, 3 James St., Harvard Square,Cambridge,,,
Arthur D. Healey School,167 Holland St.,Tufts neighborhood near Teele Square,Somerville,,,
Baldwin Community,20 Sacramento St.,Baldwin neighborhood near Porter Square,Cambridge ,,,
Baldwin Park,222 Jacobs St.,North Point,Cambridge ,,,
Baldwin Theater at Baldwin House,5 James St.,Harvard Square,Cambridge ,,,
Acropolis Boston,on the second floor  of 2000 Massachusetts Ave.,Porter Square,Cambridge ,,,
Aidekman Arts Center at Tufts University,40 Talbot Ave.,near Powder House Square,Somerville,,,
Aircraft Aerial Arts,14 Tyler St.,between Porter and Union squares in Somerville,,,,
Alewife Linear Park,North Cambridge,,,,,
All She Wrote Books,75 Washington St.,East Somerville,,,,
American Legion Marsh Post 442 at 1 Gerry’s Landing,Cambridge  ,,,,,
AMC Assembly Row 12,395 Artisan Way,Assembly Square,Somerville,,,
American Legion Marsh Post,5 Greenough Blvd.,West Cambridge,,,,
Amigos School,15 Upton St.,Cambridgeport,,,,
Andala Cafe,286 Franklin St.,Central Square,Cambridge ,,,
Apple Cinemas Cambridge,168 Alewife Brook Parkway,Cambridge Highlands near Alewife and Fresh Pond,,,,
Area IV Youth Center at 243 Harvard St.,near Central Square,Cambridge ,,,,
Armageddon Shop,12 Eliot St. B,Harvard Square,Cambridge ,,,
A.R.T. at Harvard University,64 Brattle St.,Harvard Square,Cambridge ,,,
Arts at the Armory,191 Highland Ave.,Spring Hill,Somerville,,,
ARTFarm,10 Poplar St.,near Union Square,Somerville,,,
Assembly Row,300 Grand Union Blvd.,Somerville ,,,,
Assembly Row,340 Canal St.,Assembly Square,Somerville,,,
Bantam Cider,40 Merriam St., Inner Belt neighborhood near Union Square,Somerville,,,
Harvard University’s Barker Center,12 Quincy St.,Harvard Square,Cambridge ,,,
Belfer Center for Science and International Affairs at the John F. Kennedy School of Government,79 JFK St.,Harvard Square,Cambridge ,,,
Bergin Park,80 Haskell St.,North Cambridge,,,,
Bicentennial Park,Massachusetts Avenue and Route 16,North Cambridge,,,,
Big Dig Records,2325 Massachusetts Ave.,North Cambridge ,,,,
Blessing of the Bay Boathouse,32 Shore Drive,Ten Hill,Somerville,,,
Bloc Cafe,11 Bow St.,Union Square,Somerville,,,
Guild Church (formerly Boston Brunch Church),204 Elm St.,Davis Square,North Cambridge,,,
Boston Figure Art Center, 285 Washington St., Union Square,Somerville,,,
Boston Swing Central,26 New St.,Suite 3,Cambridge,,,
Bow Market,1 Bow Market Way,Union Square,Somerville,,,
Boynton Yards,Zero Windsor Place,Somerville,,,,
Massachusetts Institute of Technology’s Bush Building,105 Massachusetts Ave.,Area II,Cambridge,,,
Lesley University’s Brattle Lawn,99 Brattle St.,West Cambridge near Harvard Square,,,,
Brattle Plaza,Harvard Square,Cambridge,,,,
The Brattle Theatre,40 Brattle St.,Harvard Square,Cambridge,,,
Brickbottom Artists Building,1 Fitchburg St.,Inner Belt,Somerville,,,
Bridge Gallery,5 Pemberton St.,North Cambridge,,,,
Bridge Sound and Stage,18 Edmunds St.,North Cambridge,,,,
Brooklyn Boulders Somerville,12 Tyler St.,near Union Square,Somerville,,,
Bryn Mawr Bookstore,373 Huron Ave.,Huron Village in West Cambridge,,,,
Buckingham Browne & Nicholas Lower School,19 Craigie St.,West Cambridge,,,,
Bull McCabe’s,366 Somerville Ave.,Union Square,Somerville,,,
Burren,247 Elm St.,Davis Square,Somerville,,,
CAA@Canal,650 E. Kendall St.,Kendall Square,Cambridge ,,,
CAA@ University Place,124 Mount Auburn St.,Harvard Square,Cambridge,,,
Cafe Zing,25 White St., Porter Square,,,,
Cambridge Art Association’s Kathryn Schultz Gallery,25 Lowell St.,West Cambridge,,,,
Cambridge Artists Cooperative,59A Church St.,Harvard Square,Cambridge ,,,
offices of Cambridge Arts,second floor of 344 Broadway,Mid-Cambridge,,,,
Cambridge Public library’s Boudreau Branch,245 Concord Ave.,Observatory Hill in Neighborhood 9,,,,
Cambridge Cemetery,76 Coolidge Ave.,West Cambridge,,,,
Cambridge Center for Adult Education,42 Brattle St.,Harvard Square,,,,
Cambridge Center for Adult Education,56 Brattle St.,Harvard Square,Cambridge,,,
Cambridge Common,near Harvard Square,,,,,
Cambridge Community Center,5 Callender St.,Riverside,,,,
Cambridge Community Television,438 Massachusetts Ave.,Central Square,,,,
Cambridge Friends School,5 Cadbury Road, Neighborhood 9 neighborhood,,,,
Cambridge Kiosk,Zero Harvard Square,Cambridge,,,,
Cambridge Main Library,449 Broadway,Mid-Cambridge,,,,
Cambridge Public Library Collins Branch,64 Aberdeen Ave.,West Cambridge,,,,
Cambridge Rindge and Latin School,459 Broadway,Mid-Cambridge,,,,
Cambridge School Committee,Dr. Henrietta S. Attles Meeting Room at Cambridge Rindge and Latin School,459 Broadway,Mid-Cambridge,,,
CambridgeSide,100 CambridgeSide Place,East Cambridge,,,,
Cantab Lounge,738 Massachusetts Ave.,Central Square,Cambridge ,,,
Cantab Underground,738 Massachusetts Ave.,Central Square,Cambridge ,,,
Capitol Theatre,204 Massachusetts Ave.,Arlington ,,,,
Centanni Park,Third and Otis streets,East Cambridge,,,,
Harvard University’s Center for Government & International Studies,1730 Cambridge St.,Harvard Square,Cambridge ,,,
Center for the Study of World Religions,42 Francis Ave.,Baldwin,Cambridge,,,
Cambridge Public Library’s Central Square Branch,45 Pearl St.,,,,,
Central Square Theater,450 Massachusetts Ave.,Central Square,Cambridge ,,,
Charles Square section of Harvard Square,Cambridge ,,,,,
Charlie’s Kitchen,10 Eliot St.,Harvard Square,Cambridge ,,,
Cheapo Records,538 Massachusetts Ave.,Central Square,Cambridge ,,,
Christ Church,Cambridge,Zero Garden St.,Harvard SquareSomerville city hall,,,
Chuckie Harris Park,15 Cross St. E,East Somerville,,,,
Cambridge City Hall,795 Massachusetts Ave.,Central Square,,,,
second floor of the City Hall Annex,344 Broadway,Mid-Cambridge,,,,
Citywide Senior Center,806 Massachusetts Ave.,Central Square,Cambridge,,,
Clement Morgan Park,60 Columbia St.,The Port,Cambridge ,,,
Cloud & Spirits,795 Main St.,The Port,Cambridge,,,
Club Passim,47 Palmer St.,Harvard Square,Cambridge,,,
Club Volo,301 Assembly Row,Mystic River,Somerville,,,
The Comedy Studio,5 John F. Kennedy St.,Harvard Square,Cambridge,,,
Comicazi,407 Highland Ave.,Davis Square,Somerville,,,
Common at CX,320 Morgan Ave.,North Point,Cambridge ,,,
Picnic Grove at CX,219 Jacobs St.,North Point,Cambridge ,,,
Community Art Center,119 Windsor St.,The Port,Cambridge ,,,
Community Ice Skating at Kendall Square,300 Athenaeum St.,Cambridge ,,,,
Massachusetts Institute of Technology’s Building 26-100,also known as the Compton Laboratories,at 60 Vassar St.,Cambridge ,,,
Connexion,149 Broadway,East Somerville ,,,,
Conway Park,550 Somerville Ave.,Ward 2,Somerville,,,
Ethelbert Cooper Gallery of African and African American Art,102 Mount Auburn St.,Harvard Square,Cambridge ,,,
Corporal Burns Park,32 Flagg St.,Riverside,Cambridge ,,,
Dana Park, 74 Magazine St.,Cambridgeport,,,,
The Dance Complex,536 Massachusetts Ave.,Central Square,Cambridge,,,
The Dance Complex@Canal,650 E. Kendall St.,Kendall Square,Cambridge ,,,
Danehy Park,99 Sherman St.,in Neighborhood 9 just east of Fresh Pond,Cambridge ,,,
Dante Alighieri Society Center,41 Hampshire St.,Kendall Square,Cambridge ,,,
Dante Club,3 Dante Terrace off Craigie Street, Spring Hill neighborhood near Porter Square in Somerville,,,,
Dark Horse Public House,499 Broadway,Magoun Square,Somerville,,,
Davis Square,Somerville,,,,,
Deborah Mason School of Dance,624 Somerville Ave.,near Porter Square in Somerville,,,,
Cambridge Department of Public Works,147 Hampshire St.,Wellington-Harrington,Cambridge ,,,
Dilboy Stadium,110 Alewife Brook Parkway,Somerville,,,,
Donnelly Field (Berkshire and York streets),East Cambridge,,,,,
Goofs Comedy Club,432 McGrath Highway,East Somerville,,,,
Dr. Martin Luther King Jr. School,102 Putnam Ave.,Riverside,Cambridge ,,,
Massachusetts Institute of Technology’s duPont Athletic Center,100 Massachusetts Ave.,Cambridge ,,,,
Dx@Dunster,33 Dunster St.,Harvard Square,Cambridge,,,
Massachusetts Institute of Technology’s Building 6-120,also known as Eastman Laboratories,at 182 Memorial Drive,Cambridge ,,,
East Somerville Community School,50 Cross St.,Somerville ,,,,
EF Education First,1 Education St.,NorthPoint,Cambridge ,,,
Lesley University’s Hall Amphitheater,1815 Massachusetts Ave.,Porter Square,Cambridge ,,,
Harvard University’s Farkas Hall Studio,10-12 Holyoke St.,Harvard Square,Cambridge ,,,
First Church in Cambridge,11 Garden St.,Harvard Square,,,,
First Church Somerville UCC,89 College Ave.,Somerville,,,,
First Parish Cambridge Unitarian Universalist,3 Church St./1446 Massachusetts Ave.,Harvard Square,Cambridge ,,,
Cambridge Rindge and Latin School’s Fitzgerald Auditorium,459 Broadway,Mid-Cambridge,,,,
Dexter Pratt House,56 Brattle St.,Harvard Square,Cambridge,,,
Cambridge Election Commission,689 Massachusetts Ave.,Central Square,,,,
Elizabeth Peabody House,275 Broadway,Winter Hill,Somerville,,,
Flat Top Johnny’s,238 Main St.,Kendall Square,Cambridge,,,
Fletcher-Maynard Academy,225 Windsor St.,The Port,Cambridge ,,,
Foss Park,219 Broadway,Winter Hill,Somerville,,,
Founders Memorial Skating Rink,8 Garden Court,Ward 2,Somerville,,,
Foundry,101 Rogers St.,East Cambridge,,,,
Friends Meeting House,5 Longfellow Park,near Harvard Square,Cambridge ,,,
Frisoli Youth Center,61 Willow St., Wellington-Harrington neighborhood,Cambridge ,,,
Gallery 263,263 Pearl St.,Cambridgeport,,,,
Gallery 344 is on the second floor of City Hall Annex,344 Broadway,Mid-Cambridge,,,,
Gallery at Washington Street,321 Washington St.,Somerville,,,,
Garment District,200 Broadway,The Port near Kendall Square,Cambridge ,,,
George Dilboy VFW Post 529,371 Summer St.,Davis Square,Somerville,,,
Gilman Park,358 Medford St.,Gilman Square,Somerville,,,
Glacken Field (600 Huron Ave.),West Cambridge,,,,,
Glass House,450 Kendall St.,Kendall Square,Cambridge ,,,
Gold Star Mother’s Park,123 Gore St.,East Cambridge,,,,
Good Vibrations,52 JFK St.,Harvard Square,Cambridge ,,,
Google Kendall Square,355 Main St.,Kendall Square,Cambridge ,,,
Graffiti Alley,across from Pearl Street on Massachusetts Avenue,Central Square,Cambridge ,,,
Granoff Music Center at Tufts University,20 Talbot Ave.,near Powder House Square,Somerville,,,
Great Dome at the Massachusetts Institute of Technology,222 Memorial Drive,Area II,Cambridge ,,,
Great Lawn at Assembly Row,399 Revolution Drive,Somerville ,,,,
Green Room,62 Bow St.,Union Square,Somerville,,,
Greene-Rose Heritage Park,155 Harvard St.,The Port,Cambridge,,,
Green Street Studios,185 Green St.,Central Square,Cambridge ,,,
Grendel’s Den Restaurant & Bar,89 Winthrop St.,Harvard Square,Cambridge ,,,
Grolier Poetry Book Shop,6 Plympton St.,Harvard Square,Cambridge ,,,
Growing Center,22 Vinal Ave.,near Union Square,Somerville,,,
Harvard University’s Gund Hall,48 Quincy St.,Mid-Cambridge near Harvard Square,,,,
Harry S Truman Apartments,25 Eighth St.,East Cambridge,,,,
Harvard Advocate,21 South St.,Harvard Square,Cambridge ,,,
Harvard Art Museums,32 Quincy St.,near Harvard Square,Cambridge ,,,
Harvard Book Store,1256 Massachusetts Ave.,Harvard Square,Cambridge ,,,
Harvard Coop,1400 Massachusetts Ave.,Harvard Square,Cambridge ,,,
Harvard Dance Center,66 Garden St., Avon Hill neighborhood near Harvard Square,Cambridge ,,,
Harvard-Epworth United Methodist Church,1555 Massachusetts Ave.,Harvard Square,Cambridge ,,,
Harvard Film Archive at The Carpenter Center,24 Quincy St.,Harvard Square,Cambridge ,,,
Harvard Museum of Natural History,26 Oxford St., Baldwin neighborhood near Harvard Square,Cambridge ,,,
Harvard Memorial Church,1 Harvard Yard,Harvard Square,Cambridge ,,,
Harvard Science Center,1 Oxford St.,near Harvard Square,Cambridge,,,
Harvard Semitic Museum,6 Divinity Ave., Baldwin neighborhood near Harvard Square,Cambridge ,,,
Harvard-Smithsonian Center for Astrophysics,60 Garden St.,Neighborhood 9 near Harvard Square,Cambridge ,,,
Harvard Square,Cambridge,,,,,
Havurat Shalom,113 College Ave.,Powder House Square,Somerville,,,
High Energy Vintage,429 Somerville Ave.,near Union Square in Somerville,,,,
History Cambridge’s Hooper-Lee-Nichols House,159 Brattle St.,West Cambridge,,,,
Hodgkins-Curtin Park,Holland Street,between Davis and Teele squares,Somerville,,,
Houghton Library,at Quincy and Harvard streets in Harvard Yard,Cambridge ,,,,
Hoyt Field (Gilmore and Montague streets off Western Avenue),Riverside,Cambridge ,,,,
Hoyt-Sullivan Playground,117 Central St.,Winter Hill,,,,
Hub Comics,19 Bow St.,Union Square,Somerville,,,
Hubba Hubba,2 Ellery St.,Mid-Cambridge,,,,
Humanist Hub,the fourth floor of 30 JFK St.,Harvard Square,Cambridge ,,,
Hurley Street Neighborhood Farm,213 Hurley St.,East Cambridge,,,,
Hutchins Center,104 Mount Auburn St.,Harvard Square,Cambridge ,,,
Hyatt Regency Cambridge,575 Memorial Drive, MIT/Area II neighborhood,Cambridge ,,,
Independent,75 Union Square,Somerville,,,,
Industry Lab,288 Norfolk St.,near Inman Square,Cambridge ,,,
Massachusetts Institute of Technology’s Infinite Corridor,starting at 77 Massachusetts Ave.,Area II,Cambridge,,,
Inside Out Gallery,1 Davis Square,Somerville ,,,,
José Mateo Ballet Theatre,400 Harvard St.,Harvard Square,Cambridge ,,,
Joy Street Studios,86 Joy St.,Inner Belt,Somerville,,,
Jill Brown-Rhone Park,near Central Square,Cambridge ,,,,
Joan Lorentz Park at 441 Broadway,Mid-Cambridge (in front of the Cambridge Main Library),,,,,
John A. Ahern Field,104 Fulkerson St.,at the Kennedy-Longfellow School tot lot,East Cambridge,,,
John F. Kennedy School,5 Cherry St.,near Porter Square in Spring Hill,Somerville,,,
Massachusetts Institute of Technology’s Building W34,also known as the Johnson Athletics Center,120 Vassar St., MIT/Area II neighborhood,Cambridge ,,
Juliet,257 Washington St.,Somerville,,,,
Jungle,6 Sanborn Court,Union Square,Somerville,,,
Katherine Small Gallery,108 Beacon St.,Ward 2,Somerville,,,
Kendall Center,90 Broadway,Kendall Square,Cambridge ,,,
Kendall/MIT Open Space at 292 Main St.,Kendall Square,Cambridge,,,,
Kennedy-Longfellow School,158 Spring St.,East Cambridge,,,,
Kiddie Academy of Cambridge,299 Prospect St.,Inman Square,Cambridge ,,,
Killian Court  Maclaurin Buildings,222 Memorial Drive,Massachusetts Institute of Technology,Cambridge ,,,
Killian Hall in the Hayden Library,160 Memorial Drive,Massachusetts Institute of Technology,Cambridge ,,,
Kimpton Marlowe Hotel,25 Edwin H. Land Blvd.,,East Cambridge,,,
King Open/Cambridge Street Upper School & Community Complex,840 Cambridge St.,Wellington-Harrington,Cambridge ,,,
King Open School,850 Cambridge St.,Wellington-Harrington,Cambridge ,,,
Knafel Center,10 Garden St.,Harvard Square,Cambridge,,,
Massachusetts Institute of Technology’s Kresge Auditorium,48 Massachusetts Ave.,,Cambridge ,,,
Massachusetts Institute of Technology’s Kresge Little Theater in Kresge Auditorium,48 Massachusetts Ave.,,Cambridge,,,
Massachusetts Institute of Technology’s Kresge Oval,70 Massachusetts Ave.,,Cambridge,,,
La Fabrica Central,450 Massachusetts Ave.,Central Square,Cambridge ,,,
Lafayette Square,900 Main St.,at the south end of Central Square,Cambridge ,,,
Lamont Library,11 Quincy St. in Harvard Yard,Harvard Square,Cambridge ,,,
Lamplighter Brewing,284 Broadway,The Port,Cambridge ,,,
Lamplighter CX,110 N. First St.,North Point,Cambridge,,,
Landmark Kendall Square Cinema,355 Binney St.,,Cambridge,,,
Lechmere Canal Park,,,East Cambridge,,,
Lilypad,1353 Cambridge St.,Inman Square,Cambridge,,,
Lincoln Institute of Land Policy,113 Brattle St.,,West Cambridge,,,
Lincoln Park at the Albert F. Argenziano School,290 Washington St.,Ward 2,Somerville,,,
Linde Music Building,also known as the Massachusetts Institute of Technology’s Building W18, 201 Amherst St.,Cambridge,,,
List Visual Arts Center,20 Ames St.,Kendall Square,Cambridge ,,,
Lizard Lounge,1667 Massachusetts Ave., Baldwin neighborhood between Harvard and Porter squares,Cambridge ,,,
Loeb Experimental Theater,64 Brattle St.,Harvard Square,Cambridge ,,,
Loeb Mainstage,64 Brattle St.,Harvard Square,Cambridge ,,,
Longfellow House and the Washington’s Headquarters National Historic Site,105 Brattle St.,,West Cambridge,,,
Longfellow Park,175 Mount Auburn St.,,West Cambridge near Harvard Square,,,
Longy School of Music,27 Garden St.,Harvard Square,Cambridge,,,
Longy School of Music’s Zabriskie House,27 Garden St.,Harvard Square,Cambridge ,,,
Lovestruck Books, 44 Brattle St.,Harvard Square,Cambridge,,,
Lesley University’s Lunder Arts Center,1801 Massachusetts Ave.,Porter Square,Cambridge ,,,
Lou Ann David Park,1060 Broadway,near Teele Square,Somerville ,,,
Harvard’s Lowell Lecture Hall,17 Kirkland St.,Harvard Square,Cambridge ,,,
Lucky Strike,325 Revolution Drive,Assembly Square,Somerville,,,
Magazine Beach Park Nature Center,at the river end of Magazine Street,,Cambridgeport,,,
Magazine Beach,at the river end of Magazine Street,,Cambridgeport,,,
ManRay,40 Prospect St.,Central Square,Cambridge ,,,
Maria L. Baldwin School,85 Oxford St., Baldwin neighborhood between Harvard and Porter squares,Cambridge ,,,
Margaret Fuller Neighborhood House,71 Cherry St.,The Port,Cambridge,,,
Marran Theater,34 Mellen St.,on Lesley University’s Doble Campus in the Baldwin neighborhood near Harvard Square,Cambridge ,,,
Masonic Lodge,1950 Massachusetts Ave.,Porter Square,Cambridge ,,,
Mass Audubon Nature Center at Magazine Beach,668 Memorial Drive,,Cambridgeport,,,
Massasoit Elks Lodge,55 Bishop Allen Drive,Central Square,Cambridge,,,
Massachusetts Institute of Technology’s Building 10-250,also known as the Maclaurin Buildings,at 222 Memorial Drive,Cambridge ,,,
Maud Morgan Arts and the Chandler Gallery,20 Sacramento St., Baldwin neighborhood near Porter Square,Cambridge,,,
Massachusetts Institute of Technology’s Media Lab,75 Amherst St.,in Area II near Kendall Square,Cambridge ,,,
Mem Tea Imports,196 Elm St.,near Davis Square,Cambridge,,,
Mess + Finesse,21 Hawkins St.,Union Square,Somerville,,,
Michael J. Lombardi Building,831 Massachusetts Ave.,near Central Square,Mid-Cambridge,,,
Microsoft NERD Center,1 Memorial Drive,Kendall Square,Cambridge ,,,
Middle East Corner,480 Massachusetts Ave.,Central Square,Cambridge ,,,
Middle East Downstairs,480 Massachusetts Ave.,Central Square,Cambridge ,,,
Middle East Upstairs,472 Massachusetts Ave.,Central Square,Cambridge,,,
Microsoft New England Research and Development Center Center,1 Memorial Drive,Kendall Square,Cambridge ,,,
Middlesex,315 Massachusetts Ave.,near Central Square,Cambridge,,,
Milk Row Cemetery,439 Somerville Ave.,Union Square,Somerville,,,
Milk Row Studios,438 Somerville Ave.,Union Square,Somerville ,,,
Millers River Apartments,15 Lambert St.,East Cambridge,,,,
MIT Chapel,50 Massachusetts Ave.,Area II,Cambridge ,,,
MIT Museum,314 Main St.,Kendall Square,Cambridge ,,,
MIT Press Bookstore,314 Main St.,Kendall Square,Cambridge ,,,
MIT Theater Arts,345 Vassar St., MIT/Area II neighborhood,Cambridge ,,,
Mobilia Gallery,358 Huron Ave.,Huron Village,Cambridge ,,,
Massachusetts Institute of Technology’s Building 50,also known as Morss Hall,at 142 Memorial Drive,Cambridge ,,,
Mount Auburn Cemetery,580 Mount Auburn St.,,West Cambridge,,,
Mudflat Studio,81 Broadway,,Somerville,,,
Multicultural Arts Center,41 Second St.,,East Cambridge,,,
Murr Center and Harvard Stadium,65 N. Harvard St.,Boston,across the river from Harvard Square,,,
Muse Paintbar,461 Artisan Way,Assembly Square,Somerville,,,
Museum of Modern Renaissance,115 College Ave.,between Davis and Powder House squares,Somerville,,,
Museum of Natural History’s Haller Hall,24 Oxford St.,Baldwin neighborhood,Cambridge,,,
Museum of Science,1 Science Park,Boston,on the Cambridge border,,,
Mystic Learning Center,530 Mystic Ave.,Somerville ,,,,
Nameless Coffeehouse at The First Parish Church, 3 Church St.,Harvard Square,Cambridge ,,,
Nathan Tufts/Powderhouse Park,College Avenue and Broadway,,Somerville,,,
Nave Gallery,155 Powderhouse Blvd.,near Teele Square,Somerville,,,
New Alliance Gallery,438R Somerville Ave.,near Union Square,Somerville,,,
Newbury Comics,36 John F. Kennedy St.,Harvard Square,Cambridge ,,,
New England Science Fiction Association clubhouse,504 Medford St.,Magoun Square,Somerville,,,
New School of Music,25 Lowell St.,,West Cambridge,,,
Newtowne Cooperative Preschool,11 Garden St.,across from the Cambridge Common near Harvard Square,Cambridge ,,,
Noir is at The Charles Hotel,1 Bennett St.,Harvard Square,Cambridge ,,,
North Point Park,1 North Point Blvd.,North Point,Cambridge ,,,
North Point Park,6 Museum Way,North Point,Cambridge ,,,
Nunziato Field,at Vinal Avenue and Summer Street,,Somerville,,,
Cambridge library’s O’Connell Branch,48 Sixth St.,,East Cambridge,,,
Old Cambridge Baptist Church,400 Harvard St.,Harvard Square,Cambridge,,,
Old Morse Park,249 Brookline St.,,Cambridgeport,,,
Cambridge library’s O’Neill Branch,70 Rindge Ave.,,North Cambridge,,,
OnStage Dance Co.,276 Broadway,Winter Hill neighborhood ,Somerville,,,
Outpost 186,186.5 Hampshire St.,Inman Square,Cambridge ,,,
Harvard’s John Knowles Paine Concert Hall,3 Oxford St.,just north of Harvard Square,Cambridge,,,
Palmer Street,Harvard Square,Cambridge ,,,,
Pandemonium Books & Games,4 Pleasant St., Central Square,Cambridge ,,,
Papercut Zine Library,10 Ward St., Ward 2 neighborhood of Somerville,,,,
Passim School of Music,26 Church St.,Harvard Square,Cambridge ,,,
Patty Chen’s Dumpling Room, 907 Main St.,Central Square,Cambridge ,,,
Harvard Museums of Science & Culture,11 Divinity Ave., Baldwin neighborhood near Harvard Square,Cambridge ,,,
auditorium of the Peabody School,70 Rindge Ave.,,North Cambridge,,,
Peabody Museum of Archaeology & Ethnology,11 Divinity Ave., Baldwin neighborhood near Harvard Square,Cambridge ,,,
Pearl Street Studios,226 Pearl St., Winter Hill neighborhood,Somerville,,,
Pemberton Farms,2225 Massachusetts Ave.,,North Cambridge,,,
Perry Park,355 Washington St.,,Somerville,,,
Phillips Auditorium,60 Garden St.,about 1 mile west of Harvard Square,Cambridge ,,,
Phoenix Landing,512 Massachusetts Ave.,Central Square,Cambridge ,,,
Pink Noise Studios,15 Ward St.,,East Somerville,,,
Pisani Center,131 Washington St.,The Port,Cambridge ,,,
Pit,1400 Chester Square in Harvard Square,,Cambridge ,,,
P.J. Ryan’s,239 Holland St.,Teele Square,Somerville,,,
Planet Records,144 Mount Auburn St.,Harvard Square,Cambridge ,,,
The Plaza,1 Oxford St.,next to Memorial Hall near Harvard Square,Cambridge ,,,
Plough & Stars,912 Massachusetts Ave.,Riverside,Cambridge,,,
Cambridge Police Department, Robert W. Healy Public Safety Facility at 125 Sixth St.,near Kendall Square,East Cambridge,,,
Porter Square Books,1815 Massachusetts Ave.,Porter Square,Cambridge,,,
Porter Station,1899 Massachusetts Ave.,Porter Square,Cambridge ,,,
Portico Brewing,101 South St.,"Boynton Yards, Ward 2",Somerville,,,
Precinct,70 Union Square,,Somerville,,,
Prospect Hill Park,68 Munroe St.,,Somerville ,,,
Q Ballroom,26 New St.,near Fresh Pond in Neighborhood 9,Cambridge,,,
Radcliffe Yard,between Brattle and Garden streets west of Harvard Square,,Cambridge ,,,
Raymond Park,106 Raymond St.,Neighborhood 9,Cambridge ,,,
Redbones,55 Chester St.,Davis Square,Somerville,,,
Regattabar,1 Bennett St.,Harvard Square,Cambridge,,,
Remnant Brewing,2 Bow St.,Union Square,Somerville,,,
Remnant Satellite,877 Cambridge St.,Wellington-Harrington,Cambridge,,,
Reservoir Church,170 Rindge Ave.,,North Cambridge,,,
Rev. Thomas J. Williams Park,at Dudley and Cedar streets,,North Cambridge,,,
Rindge Field,105 Pemberton St.,,North Cambridge,,,
Riverbend Park (Memorial Drive between JFK Street and Western Avenue) along the banks of the Charles,,,Cambridge ,,,
Riverside Press Park,2 Blackstone St.,Riverside,Cambridge ,,,
The Rockwell,255 Elm St.,Davis Square,Somerville,,,
Row Hotel,360 Foley St.,Assembly Square,Somerville ,,,
Royal Sonesta Hotel,40 Edwin H. Land Blvd.,East Cambridge,,,,
Rumba and Timbal Studio,7 Temple St.,Central Square,Cambridge ,,,
Sally O’Brien’s,335 Somerville Ave.,Union Square,Somerville,,,
Saloon,255 Elm St.,Davis Square,Somerville,,,
Sanders Theatre,45 Quincy St.,near Harvard Square,Cambridge ,,,
Harvard’s Science Center Plaza between Harvard Yard at Kirkland and Oxford streets,near Harvard Square,,Cambridge ,,,
Sennott Park (Broadway at Norfolk Street,near Central Square,,Cambridge,,,
Seven Hills Park,Davis Square,,Somerville,,,
Shed at CX,100 N. First St.,North Point,Cambridge ,,,
Side Quest Books & Games,1 Bow Market Way,Union Square,Somerville,,,
Massachusetts Institute of Technology’s Building W79 also known as Simmons Hall,at 229 Vassar St.,Area II,Cambridge ,,,
Simoni Ice Rink,155 Gore St.,East Cambridge,,,,
Sinclair,52 Church St.,Harvard Square,Cambridge ,,,
Smith Campus Center,1350 Massachusetts Ave.,Harvard Square,Cambridge ,,,
SomArt at the Hive,561 Windsor Place,Ward 2,Somerville ,,,
Somernova,21 Properzi Way,in Ward 2,Somerville,,,
Somerville Brewing,15 Ward St.,,East Somerville,,,
Somerville City Hall,93 Highland Ave.,Central Hill,Somerville,,,
Somerville City Hall Annex,50 Evergreen Ave.,Winter Hill,Somerville,,,
Somerville Community Growing Center,22 Vinal Ave.,near Union Square,Somerville,,,
Somerville High School,81 Highland Ave.,Central Hill,Somerville,,,
Somerville Media Center,29 Properzi Way,Ward 2,Somerville,,,
Somerville Museum,1 Westwood Road, Spring Hill neighborhood,Somerville,,,
Somerville Public Library,79 Highland Ave.,Central Hill,Somerville,,,
Somerville Public Library East Branch,115 Broadway.,,Somerville,,,
Somerville Public Library West Branch,40 College Ave.,near Davis Square,Somerville,,,
Somerville Theatre,55 Davis Square,,Somerville,,,
Somerville Theatre’s Crystal Ballroom,55 Davis Square,,Somerville,,,
Sonia,10 Brookline St.,Central Square,Cambridge ,,,
South Street Farm,138 South St.,near Union Square,Somerville,,,
Space Studio,438 Somerville Ave.,near Union Square,Somerville,,,
Cullinane Center at Spaulding Hospital,1575 Cambridge St.,,Mid-Cambridge,,,
St. Augustine African Orthodox Christian Church,137 Allston St.,,Cambridgeport,,,
St. Bartholomew’s Church,237 Harvard St.,The Port neighborhood near Central Square,Cambridge ,,,
St. James’s Episcopal Church,1991 Massachusetts Ave.,Porter Square,Cambridge ,,,
St. Paul AME Church,37 Bishop Allen Drive,The Port neighborhood near Central Square,Cambridge ,,,
St. Paul AME Christian Life Center,85 Bishop Allen Drive,Central Square,Cambridge ,,,
St. Paul’s Church,29 Mount Auburn St.,Harvard Square,Cambridge ,,,
St. Peter’s Episcopal Church,838 Massachusetts Ave.,Riverside near Central Square,Cambridge ,,,
Saint Peter’s Episcopal Church,15 Sellers St.,Riverside near Central Square,Cambridge ,,,
St. Peter’s Field,99 Sherman St.,in Neighborhood 9 just east of Fresh Pond,Cambridge ,,,
Saint Peter Parish,100 Concord Ave.,,West Cambridge,,,
Massachusetts Institute of Technology’s Building 32,also known as the Ray and Maria Stata Center,at 32 Vassar St.,Cambridge ,,,
Statue Park in Davis Square,,,Somerville,,,
MIT’s Stephen A Schwarzman College of Computing,51 Vassar St.,Area II,Cambridge,,,
Stereo Jack’s Records,736 Broadway,Ball Square,Somerville ,,,
Massachusetts Institute of Technology’s Stratton Student Center,84 Massachusetts Ave.,,Cambridge ,,,
Student Organization Center at Hillel,59 Shepard St.,up Garden Street northwest of Harvard Square,Cambridge ,,,
Summer Shack,149 Alewife Brooke Parkway,,Cambridge,,,
Sylvester Baxter Riverfront Park,300 Grand Union Blvd. at Assembly Row,,Somerville,,,
Swedenborg Chapel,50 Quincy St.,near Harvard Square,Cambridge ,,,
Massachusetts Institute of Technology’s Building E-51,also known as the Tang Center,70 Memorial Drive,Cambridge ,,,
Taco Loco Mexican Grill,44 Broadway,,East Somerville,,,
Taza Chocolate,561 Windsor St.,between Inman and Union squares,Somerville,,,
Tercentenary Theatre in Harvard Yard,,,Cambridge ,,,
Thelonious Monkfish, 524 Massachusetts Ave.,Central Square,Cambridge ,,,
Third Life Studio,33 Union Square,,Somerville,,,
Thirsty Scholar Pub,70 Beacon St.,Somerville,on the Cambridge border of Ward 2 ,,,
Toad,1912 Massachusetts Ave.,Porter Square,Cambridge ,,,
Tobin Montessori School,197 Vassal Lane,,West Cambridge,,,
Timothy J. Toomey Park,Third and Roger streets,,East Cambridge,,,
Trum Field,541 Broadway,Magoun Square,Somerville,,,
Tufts Administrative Building,167 Holland St., Tufts neighborhood near Teele Square,Somerville,,,
Union Square Plaza,Somerville,,,,,
Unity Somerville,6 William St.,just off College Avenue near Davis Square,Somerville,,,
Lesley University’s second floor University Hall,1815 Massachusetts Ave.,Porter Square,Cambridge ,,,
University Lutheran Church,66 Winthrop St.,Harvard Square,Cambridge ,,,
University Park Commons,65 Sidney St.,Cambridgeport near Central Square,Cambridge ,,,
Union Comedy,593 Somerville Ave.,,Somerville,,,
Union Tavern,345 Somerville Ave.,Union Square,Somerville ,,,
Urban Park Roof Garden at Kendall Center,325 Main St.,Kendall Square,Cambridge,,,
Cambridge Library Valente Branch,826 Cambridge St.,Wellington-Harrington,Cambridge ,,,
Veterans Cemetery,1332 Broadway,,,,,
Veterans Memorial Rink,570 Somerville Ave.,Spring Hill,Somerville,,,
VFW Mount Auburn Post 8818,688 Huron Ave., Strawberry Hill neighborhood,Cambridge ,,,
Vinyl Index,1 Bow Market Way No. 25,Union Square,Somerville ,,,
Massachusetts Institute of Technology’s W97 Theater,345 Vassar St.,Area II,Cambridge ,,,
Massachusetts Institute of Technology’s Building 50,also known as the Walker Memorial,142 Memorial Drive,Cambridge ,,,
Warehouse XI,11 Sanborn Court,Union Square,Somerville,,,
Lesley University’s Washburn Auditorium,10 Phillips Place,near Harvard Square,Cambridge ,,,
Washington Street Art Center,321 Washington St.,Ward 2,Somerville,,,
Water Department facility at 250 Fresh Pond Parkway,in West Cambridge at Fresh Pond,,Cambridge ,,,
John W. Weeks Footbridge,948 Memorial Drive, Riverside neighborhood,Cambridge ,,,
West Somerville Neighborhood School,177 Powder House Blvd. ,,West Somerville,,,
Lesley University’s White Hall Ampitheatre,29 Everett St., Baldwin neighborhood near Harvard Square,Cambridge ,,,
Cambridge Winter Farmers Market,5 Callender St.,Riverside,Cambridge ,,,
Winter Hill Brewing,328 Broadway, Winter Hill neighborhood,Somerville,,,
Winthrop Park in Harvard Square,,,Cambridge ,,,
Cambridge YMCA Theatre,820 Massachusetts Ave.,Central Square,Cambridge ,,,
YWCA Cambridge,7 Temple St.,Central Square,Cambridge ,,,
ZuZu,474 Massachusetts Ave.,Central Square,Cambridge,,,